{
  "users": [
    {
      "id": 3,
      "name": "Ali Howell",
      "email": "hassan@melissa.com",
      "department": "Finance",
      "phone": "+1 (127) 2123 212"
    },
    {
      "id": 5,
      "name": "Hassan Howell",
      "email": "hassan@melissa.com",
      "phone": "+1 (127) 2123 212",
      "department": "Finance"
    },
    {
      "id": 7,
      "name": "Ali Howell",
      "email": "hassan@melissa.com",
      "phone": "+1 (127) 2123 212",
      "department": "Finance"
    },
    {
      "id": 8,
      "name": "Ervin Howell",
      "email": "Shanna@melissa.com",
      "phone": "+1 (127) 2123 212",
      "department": "Management"
    },
    {
      "id": 9,
      "name": "Hassan Howell",
      "email": "hassan@melissa.com",
      "phone": "+1 (127) 2123 212",
      "department": "Finance"
    },
    {
      "id": 12,
      "name": "Ervin Howell",
      "email": "Shanna@melissa.com",
      "department": "Management",
      "phone": "+1 (127) 2123 212"
    },
    {
      "id": 14,
      "name": "Ahmed Howell",
      "email": "hassan123@melissa.com",
      "phone": "+1 (127) 2123 212",
      "department": "Management"
    },
    {
      "id": 16,
      "name": "Ervin Howell",
      "email": "Shanna@melissa.com",
      "phone": "+1 (127) 2123 212",
      "department": "Management"
    },
    {
      "id": 17,
      "name": "Hassan Howell",
      "email": "hassan@melissa.com",
      "phone": "+1 (127) 2123 212",
      "department": "Finance"
    },
    {
      "id": 18,
      "name": "Ahmed Howell",
      "email": "hassan123@melissa.com",
      "phone": "+1 (127) 2123 212",
      "department": "Management"
    },
    {
      "id": 19,
      "name": "Ali Howell",
      "email": "hassan@melissa.com",
      "phone": "+1 (127) 2123 212",
      "department": "Finance"
    },
    {
      "id": 20,
      "name": "Ervin Howell",
      "email": "Shanna@melissa.com",
      "department": "Web Developer",
      "phone": "+1 (127) 2123 212"
    },
    {
      "id": 21,
      "name": "Hassan Howell",
      "email": "hassan@melissa.com",
      "department": "iOS Developer",
      "phone": "+1 (127) 2123 212"
    },
    {
      "id": 22,
      "name": "Ahmed Howell",
      "email": "hassan123@melissa.com",
      "phone": "+1 (127) 2123 212",
      "department": "Management"
    },
    {
      "id": 23,
      "name": "Ali Howell",
      "email": "hassan@melissa.com",
      "department": "Web Ror",
      "phone": "+1 (127) 2123 212"
    },
    {
      "id": 24,
      "name": "Adnan hassan",
      "email": "ah5404219@gmail.com",
      "department": "Web Designer",
      "phone": "03476275532"
    },
    {
      "id": 25,
      "name": "mohsin raza",
      "email": "ah5404219123@gmail.com",
      "department": "Graphic Designer",
      "phone": "03476275532"
    },
    {
      "name": "waqas tarar",
      "email": "waqastarar@gmail.com",
      "phone": "03476275532",
      "department": "Graphic Designer",
      "id": 26
    },
    {
      "name": "bakr arai",
      "email": "ah5404219@gmail.com",
      "phone": "03476275532",
      "department": "Web Ror",
      "id": 27
    }
  ]
}